{"events":[{"title":"Paint it!!","image":"https://images.unsplash.com/photo-1460661419201-fd4cecdf8a8b?fm=jpg&q=60&w=3000&ixlib=rb-4.0.3&ixid=M3wxMjA3fDB8MHxzZWFyY2h8Mnx8YXJ0fGVufDB8fDB8fHww","date":"2024-10-25","description":"An amazing event","id":"eee3ee5c-e757-4b6d-a273-038aa1ce57a3"},{"id":"e1","title":"A dummy event","date":"2023-02-22","image":"https://blog.hubspot.de/hubfs/Germany/Blog_images/Optimize_Marketing%20Events%20DACH%202021.jpg","description":"Join this amazing event and connect with fellow developers."}]}